codigo_imovel;cidade;bairro;tipo_imovel;mobilia;aceita_pet;area_m2;quartos;banheiros;vagas_garagem;andar;idade_anos;distancia_centro_km;condominio_mensal_brl;iptu_anual_brl;aluguel_mensal_brl;area_ft2;area_minmax;area_zscore;faixa_aluguel;mobilia_mobiliado;mobilia_sem_mobilia;mobilia_semi_mobiliado
IMV-0001;Maceio;Farol;casa;mobiliado;sim;111.2;4;4;1;0;0.0;1.5;0.0;2273.12;5050.0;1196.94568;0.35887562572198695;0.46155488435528635;alto;1;0;0
IMV-0002;Maceio;Ponta Verde;casa;mobiliado;sim;153.1;5;4;2;0;29.0;3.3;260.0;3719.04;7220.0;1647.95309;0.5202156334231806;1.3196247280917652;alto;1;0;0
IMV-0003;Maceio;Tabuleiro;apartamento;sem_mobilia;sim;82.95;4;4;2;2;31.0;11.1;793.37;2057.34;4050.0;892.865505;0.2500962649210628;-0.1169766928656095;alto;0;1;0
IMV-0004;Maceio;Farol;apartamento;sem_mobilia;sim;39.0;3;2;1;7;20.0;0.7;467.51;1272.96;3510.0;419.7921;0.08086253369272238;-1.017028474064136;medio;0;1;0
IMV-0005;Maceio;Jatiuca;apartamento;sem_mobilia;nao;60.3;2;2;1;5;31.0;3.6;427.4;2032.36;3310.0;649.0631699999999;0.16288024643819793;-0.5808259043365226;medio;0;1;0
IMV-0006;Maceio;Jatiuca;apartamento;semi_mobiliado;sim;85.9;4;3;2;8;11.0;4.8;649.52;2435.64;5650.0;924.61901;0.26145552560646906;-0.05656366090802916;alto;0;0;1
IMV-0008;Maceio;Serraria;apartamento;sem_mobilia;nao;71.8;3;2;1;2;35.0;7.1;512.42;1310.19;3600.0;772.8480199999999;0.2071621101270697;-0.34531747467137913;medio;0;1;0
IMV-0009;Maceio;Cruz das Almas;apartamento;sem_mobilia;sim;74.5;3;2;1;11;32.0;7.3;557.62;2013.55;3550.0;801.91055;0.2175587216018483;-0.2900241911847802;medio;0;1;0
IMV-0010;Maceio;Ponta Verde;kitnet;mobiliado;sim;28.2;1;1;1;10;22.0;4.1;271.3;1718.71;3880.0;303.54197999999997;0.03927608779360801;-1.2382016080105316;medio;1;0;0
IMV-0011;Maceio;Jatiuca;casa;sem_mobilia;sim;150.5;5;4;1;0;38.0;4.1;260.0;3488.98;6220.0;1619.96695;0.5102040816326531;1.2663793439935591;alto;0;1;0
IMV-0012;Maceio;Gruta;cobertura;mobiliado;sim;181.8;4;3;2;20;32.0;5.5;1491.19;3395.51;7580.0;1956.8770200000001;0.6307277628032346;1.907371852560428;alto;1;0;0
IMV-0013;Maceio;Mangabeiras;apartamento;semi_mobiliado;sim;86.2;3;2;1;1;12.0;4.3;642.03;1935.8;5410.0;927.84818;0.2626107046592222;-0.050419962742851564;alto;0;0;1
IMV-0014;Maceio;Ponta Verde;apartamento;mobiliado;sim;49.2;1;2;1;1;6.0;1.3;493.64;2000.94;4870.0;529.58388;0.1201386214863304;-0.8081427364480956;alto;1;0;0
IMV-0015;Maceio;Gruta;casa;sem_mobilia;sim;111.2;4;3;2;0;32.0;6.0;0.0;2465.88;4440.0;1196.94568;0.35887562572198695;0.46155488435528635;alto;0;1;0
IMV-0016;Maceio;Ponta Verde;apartamento;mobiliado;nao;63.6;3;3;1;4;21.0;1.5;469.8;2035.63;9120.0;684.58404;0.17558721601848287;-0.5132452245195682;alto;1;0;0
IMV-0017;Maceio;Jatiuca;casa;sem_mobilia;sim;167.4;6;5;2;0;37.0;4.6;427.4;3624.47;6730.0;1801.87686;0.575279168271082;1.6124743406319004;alto;0;1;0
IMV-0018;Maceio;Tabuleiro;casa;semi_mobiliado;sim;118.6;5;3;1;0;13.0;10.0;260.0;2378.53;4920.0;1276.59854;0.38737004235656525;0.613099439096335;alto;0;0;1
IMV-0019;Maceio;Tabuleiro;apartamento;mobiliado;sim;89.1;3;3;1;2;11.0;11.5;467.27;1792.23;3440.0;959.0634899999999;0.2737774355025029;0.008969119520532256;medio;1;0;0
IMV-0020;Maceio;Jatiuca;apartamento;sem_mobilia;sim;82.95;2;2;1;7;31.0;4.2;431.26;1450.84;2970.0;892.865505;0.2500962649210628;-0.1169766928656095;medio;0;1;0
IMV-0021;Maceio;Gruta;studio;mobiliado;sim;26.2;1;1;1;15;2.0;6.4;317.64;784.67;2590.0;282.01417999999995;0.031574894108586826;-1.2791595957783826;medio;1;0;0
IMV-0022;Maceio;Ponta Verde;apartamento;semi_mobiliado;nao;41.1;2;2;1;10;30.0;4.1;378.6;1679.07;4690.0;442.39629;0.08894878706199462;-0.9740225869078923;alto;0;0;1
IMV-0023;Maceio;Tabuleiro;apartamento;semi_mobiliado;sim;88.5;3;3;1;16;18.0;9.9;533.87;1713.14;3520.0;952.60515;0.27146707739699655;-0.0033182768098229377;medio;0;0;1
IMV-0024;Maceio;Cruz das Almas;apartamento;mobiliado;sim;58.9;3;3;2;9;27.0;7.9;541.6;1712.98;4600.0;633.99371;0.1574894108586831;-0.6094964957740182;alto;1;0;0
IMV-0025;Maceio;Serraria;casa;sem_mobilia;nao;145.3;4;4;1;0;29.0;8.6;0.0;2832.77;4840.0;1563.99467;0.49018097805159805;1.1598885757971467;alto;0;1;0
IMV-0026;Maceio;Mangabeiras;apartamento;sem_mobilia;nao;56.3;3;3;1;6;38.0;5.1;371.13;952.74;3710.0;606.00757;0.14747785906815555;-0.6627418798722247;medio;0;1;0
IMV-0027;Maceio;Serraria;apartamento;sem_mobilia;sim;79.5;2;2;2;2;6.0;9.2;448.01;1898.86;3390.0;855.73005;0.23681170581440125;-0.1876292217651526;medio;0;1;0
IMV-0028;Maceio;Mangabeiras;apartamento;semi_mobiliado;sim;65.8;3;2;1;14;40.0;4.4;553.17;1636.5;4180.0;708.2646199999999;0.18405852907200615;-0.46819143797493223;alto;0;0;1
IMV-0029;Maceio;Serraria;cobertura;sem_mobilia;nao;119.8;5;4;1;19;35.0;9.7;1206.09;2644.27;5730.0;1289.51522;0.391990758567578;0.6376742317570456;alto;0;1;0
IMV-0030;Maceio;Gruta;cobertura;mobiliado;nao;221.1;5;4;2;16;9.0;7.2;427.4;4519.77;9970.0;2379.8982899999996;0.7820562187139006;2.7121963121987003;alto;1;0;0
IMV-0031;Maceio;Farol;kitnet;mobiliado;sim;28.7;1;1;0;16;39.0;1.8;250.86;1347.41;2160.0;308.92393;0.0412013862148633;-1.2279621110685688;medio;1;0;0
IMV-0032;Maceio;Tabuleiro;apartamento;sem_mobilia;sim;82.9;3;2;1;16;32.0;11.2;613.13;1564.26;3470.0;892.32731;0.24990373507893726;-0.1180006425598057;medio;0;1;0
IMV-0033;Maceio;Farol;casa;sem_mobilia;sim;146.1;3;3;0;0;21.0;2.0;0.0;3285.57;4350.0;1572.6057899999998;0.49326145552560646;1.1762717709042867;alto;0;1;0
IMV-0034;Maceio;Tabuleiro;apartamento;mobiliado;nao;64.0;2;2;0;17;12.0;10.3;462.83;1124.37;2850.0;688.8896;0.1771274547554871;-0.5050536269659981;medio;1;0;0
IMV-0035;Maceio;Farol;casa;semi_mobiliado;sim;82.95;4;4;2;0;25.0;2.9;0.0;2882.86;5120.0;892.865505;0.2500962649210628;-0.1169766928656095;alto;0;0;1
IMV-0036;Maceio;Gruta;apartamento;semi_mobiliado;sim;59.2;2;2;0;13;40.0;5.3;608.51;1744.27;2940.0;637.22288;0.1586445899114363;-0.6033527976088405;medio;0;0;1
IMV-0037;Maceio;Gruta;studio;mobiliado;nao;41.2;1;1;0;5;6.0;5.8;243.53;1206.11;3010.0;443.47268;0.08933384674624568;-0.9719746875194998;medio;1;0;0
IMV-0038;Maceio;Gruta;kitnet;mobiliado;nao;18.4;1;1;1;11;22.0;6.0;195.79;531.6;2410.0;198.05575999999996;0.0015402387370042302;-1.4388957480730018;medio;1;0;0
IMV-0039;Maceio;Cruz das Almas;apartamento;sem_mobilia;nao;118.4;4;3;1;14;10.0;8.2;832.09;1872.28;5160.0;1274.44576;0.38659992298806317;0.6090036403195501;alto;0;1;0
IMV-0040;Maceio;Cruz das Almas;apartamento;sem_mobilia;nao;87.8;3;2;0;10;17.0;5.5;640.28;2288.14;4350.0;945.0704199999999;0.26877165960723914;-0.017653572528570857;alto;0;1;0
IMV-0041;Maceio;Tabuleiro;apartamento;sem_mobilia;nao;83.5;3;3;1;10;11.0;10.3;748.47;1861.7;3590.0;898.7856499999999;0.2522140931844436;-0.10571324622945051;medio;0;1;0
IMV-0043;Maceio;Gruta;casa;sem_mobilia;sim;199.7;6;4;2;0;37.0;5.5;0.0;3817.4;6690.0;2149.5508299999997;0.699653446284174;2.273945843082694;alto;0;1;0
IMV-0044;Maceio;Serraria;apartamento;semi_mobiliado;nao;89.5;3;3;0;11;31.0;9.2;624.52;1762.88;3380.0;963.36905;0.27531767423950715;0.017160717074102577;medio;0;0;1
IMV-0045;Maceio;Ponta Verde;apartamento;mobiliado;sim;97.3;3;3;1;7;25.0;4.0;751.53;2604.83;6500.0;1047.32747;0.3053523296110897;0.17689686936872154;alto;1;0;0
IMV-0046;Maceio;Cruz das Almas;casa;sem_mobilia;nao;154.3;5;5;3;0;35.0;7.2;0.0;3339.77;6480.0;1660.86977;0.5248363496341933;1.3441995207524762;alto;0;1;0
IMV-0047;Maceio;Serraria;apartamento;sem_mobilia;nao;92.2;3;3;1;13;5.0;10.4;536.44;2432.66;3820.0;992.4315799999999;0.28571428571428575;0.07245400056070153;medio;0;1;0
IMV-0048;Maceio;Farol;apartamento;mobiliado;sim;107.2;4;4;1;2;9.0;3.7;574.17;1933.61;5380.0;1153.89008;0.3434732383519446;0.3796389088195843;alto;1;0;0
IMV-0049;Maceio;Jatiuca;apartamento;sem_mobilia;sim;75.5;3;3;1;6;35.0;2.8;427.4;1698.09;4610.0;812.67445;0.22140931844435888;-0.26954519730085463;alto;0;1;0
IMV-0050;Maceio;Mangabeiras;studio;semi_mobiliado;sim;40.4;1;1;0;12;29.0;3.8;306.08;1390.21;3090.0;434.86155999999994;0.0862533692722372;-0.9883578826266403;medio;0;0;1
IMV-0051;Maceio;Tabuleiro;kitnet;sem_mobilia;sim;26.5;1;2;0;4;26.0;11.1;274.19;403.24;2140.0;285.24334999999996;0.03273007316134001;-1.2730158976132049;medio;0;1;0
IMV-0052;Maceio;Serraria;apartamento;mobiliado;nao;78.3;4;3;1;15;4.0;8.9;733.28;1595.69;4400.0;842.81337;0.23219098960338852;-0.21220401442586326;alto;1;0;0
IMV-0053;Maceio;Tabuleiro;kitnet;sem_mobilia;nao;32.9;1;1;1;14;1.0;12.4;234.26;464.81;1210.0;354.13230999999996;0.05737389295340777;-1.1419503367560817;baixo;0;1;0
IMV-0054;Maceio;Cruz das Almas;casa;sem_mobilia;sim;190.3;5;4;3;0;8.0;7.1;0.0;3905.1;7280.0;2048.37017;0.6634578359645745;2.081443300573795;alto;0;1;0
IMV-0055;Maceio;Jatiuca;casa;mobiliado;sim;163.5;4;4;3;0;1.0;3.8;0.0;3742.61;7930.0;1759.8976499999999;0.5602618405852907;1.5326062644845908;alto;1;0;0
IMV-0056;Maceio;Jatiuca;casa;semi_mobiliado;nao;186.2;5;4;2;0;29.0;1.7;260.0;2000.94;7550.0;2004.2381799999998;0.6476703889102811;1.9974794256496997;alto;0;0;1
IMV-0057;Maceio;Tabuleiro;apartamento;sem_mobilia;nao;87.4;3;3;2;15;16.0;10.1;730.25;1559.39;3280.0;940.76486;0.26723142087023494;-0.02584517008214089;medio;0;1;0
IMV-0058;Maceio;Gruta;apartamento;mobiliado;sim;54.3;2;2;1;3;36.0;4.4;374.2;1517.15;3090.0;584.4797699999999;0.13977666538313438;-0.7036998676400756;medio;1;0;0
IMV-0059;Maceio;Farol;studio;semi_mobiliado;sim;18.0;1;2;0;7;5.0;1.0;427.4;816.52;2260.0;193.7502;0.0;-1.4470873456265718;medio;0;0;1
IMV-0060;Maceio;Tabuleiro;cobertura;semi_mobiliado;sim;168.6;5;5;2;17;27.0;12.0;1529.44;3048.58;7060.0;1814.79354;0.5798998844820947;1.6370491332926107;alto;0;0;1
IMV-0061;Maceio;Cruz das Almas;apartamento;mobiliado;nao;52.2;2;2;1;13;16.0;8.2;430.93;2019.02;3670.0;561.87558;0.13169041201386217;-0.7467057547963191;medio;1;0;0
IMV-0062;Maceio;Tabuleiro;casa;mobiliado;sim;82.95;3;2;0;0;22.0;10.9;0.0;1465.4;2510.0;892.865505;0.2500962649210628;-0.1169766928656095;medio;1;0;0
IMV-0063;Maceio;Tabuleiro;kitnet;semi_mobiliado;sim;32.2;1;1;1;12;8.0;9.3;343.22;607.14;1450.0;346.59758;0.05467847516365038;-1.1562856324748294;baixo;0;0;1
IMV-0064;Maceio;Jatiuca;apartamento;mobiliado;sim;87.9;3;3;0;5;37.0;4.6;616.92;2407.46;5260.0;946.1468100000001;0.2691567192914902;-0.015605673140178132;alto;1;0;0
IMV-0065;Maceio;Serraria;apartamento;sem_mobilia;nao;65.9;3;3;1;8;17.0;7.7;442.89;1067.18;3170.0;709.34101;0.18444358875625724;-0.4661435385865395;medio;0;1;0
IMV-0066;Maceio;Ponta Verde;apartamento;mobiliado;sim;18.0;3;2;0;2;33.0;3.0;212.94;1535.61;4380.0;193.7502;0.0;-1.4470873456265718;alto;1;0;0
IMV-0067;Maceio;Jatiuca;studio;mobiliado;nao;30.9;1;1;1;9;7.0;5.5;274.63;744.49;3870.0;332.60450999999995;0.0496726992683866;-1.1829083245239327;medio;1;0;0
IMV-0068;Maceio;Tabuleiro;apartamento;semi_mobiliado;nao;36.1;3;3;0;2;23.0;9.0;423.87;873.12;2750.0;388.57679;0.06969580284944167;-1.07641755632752;medio;0;0;1
IMV-0069;Maceio;Ponta Verde;casa;sem_mobilia;sim;170.7;6;5;2;0;39.0;3.8;0.0;3615.96;7260.0;1837.39773;0.587986137851367;1.6800550204488542;alto;0;1;0
IMV-0070;Maceio;Gruta;casa;sem_mobilia;sim;117.6;5;5;1;0;29.0;6.3;180.0;2781.76;4390.0;1265.8346399999998;0.38351944551405465;0.5926204452124094;alto;0;1;0
IMV-0071;Maceio;Jatiuca;casa;sem_mobilia;sim;177.2;5;5;2;0;25.0;4.3;260.0;3995.17;7070.0;1907.3630799999999;0.6130150173276858;1.8131684806943702;alto;0;1;0
IMV-0072;Maceio;Mangabeiras;casa;sem_mobilia;nao;29.5;2;2;0;0;34.0;5.0;350.0;2000.94;2930.0;317.53505;0.04428186368887178;-1.2115789159614283;medio;0;1;0
IMV-0073;Maceio;Ponta Verde;kitnet;mobiliado;nao;18.0;1;1;0;5;22.0;2.7;162.04;1351.63;3110.0;193.7502;0.0;-1.4470873456265718;medio;1;0;0
IMV-0074;Maceio;Cruz das Almas;cobertura;sem_mobilia;nao;212.4;5;5;3;11;16.0;6.2;1705.12;4469.67;8900.0;2286.25236;0.7485560261840586;2.5340290654085487;alto;0;1;0
IMV-0075;Maceio;Ponta Verde;apartamento;sem_mobilia;nao;89.7;3;3;1;3;12.0;3.9;556.39;2493.83;5610.0;965.52183;0.2760877936080093;0.02125651585088774;alto;0;1;0
IMV-0076;Maceio;Cruz das Almas;kitnet;semi_mobiliado;nao;21.6;1;1;0;10;18.0;10.1;227.04;1026.31;2450.0;232.50024000000002;0.013862148633038127;-1.3733629676444399;medio;0;0;1
IMV-0077;Maceio;Mangabeiras;kitnet;semi_mobiliado;nao;20.5;1;1;1;7;34.0;5.3;171.12;1426.62;2330.0;220.65994999999998;0.009626492106276474;-1.395889860916758;medio;0;0;1
IMV-0078;Maceio;Jatiuca;apartamento;mobiliado;nao;83.7;3;4;1;8;21.0;2.7;712.65;1974.68;6100.0;900.93843;0.25298421255294573;-0.10161744745266536;alto;1;0;0
IMV-0079;Maceio;Jatiuca;apartamento;mobiliado;nao;70.1;3;3;1;3;2.0;3.0;540.45;2287.98;5160.0;754.5493899999999;0.2006160954948017;-0.38013176427405254;alto;1;0;0
IMV-0080;Maceio;Mangabeiras;casa;semi_mobiliado;sim;98.6;4;4;1;0;24.0;5.0;350.0;2000.94;5500.0;1061.32054;0.31035810550635345;0.20351956141782465;alto;0;0;1
IMV-0081;Maceio;Jatiuca;apartamento;mobiliado;sim;55.9;4;3;1;8;8.0;4.0;382.32;1920.54;5470.0;601.70201;0.14593762033115132;-0.6709334774257948;alto;1;0;0
IMV-0082;Maceio;Gruta;casa;sem_mobilia;sim;152.1;6;4;2;0;4.0;5.0;260.0;2434.56;6390.0;1637.1891899999998;0.51636503658067;1.2991457342078399;alto;0;1;0
IMV-0083;Maceio;Gruta;casa;sem_mobilia;sim;160.8;5;4;1;0;29.0;5.8;427.4;3362.7;5420.0;1730.83512;0.5498652291105122;1.4773129809979921;alto;0;1;0
IMV-0084;Maceio;Jatiuca;casa;mobiliado;sim;172.8;5;4;3;0;18.0;3.7;350.0;4050.51;7830.0;1860.0019200000002;0.5960723912206393;1.7230609076050982;alto;1;0;0
IMV-0085;Maceio;Mangabeiras;casa;sem_mobilia;sim;170.6;5;5;2;0;14.0;5.7;350.0;3284.96;6670.0;1836.32134;0.5876010781671159;1.678007121060462;alto;0;1;0
IMV-0086;Maceio;Gruta;studio;mobiliado;nao;28.9;1;1;1;10;18.0;5.2;269.56;920.71;3030.0;311.07671;0.04197150558336542;-1.2238663122917837;medio;1;0;0
IMV-0087;Maceio;Ponta Verde;apartamento;mobiliado;sim;66.1;3;3;2;5;11.0;3.5;399.98;2577.24;5870.0;711.4937899999999;0.18521370812475932;-0.4620477398097546;alto;1;0;0
IMV-0088;Maceio;Tabuleiro;cobertura;semi_mobiliado;nao;243.4;5;5;3;13;30.0;8.8;1780.15;4250.47;9480.0;2619.93326;0.8679245283018868;3.168877875810239;alto;0;0;1
IMV-0089;Maceio;Ponta Verde;casa;sem_mobilia;sim;82.8;4;3;1;0;38.0;4.0;0.0;2693.18;4830.0;891.25092;0.24951867539468617;-0.12004854194819843;alto;0;1;0
IMV-0090;Maceio;Mangabeiras;apartamento;mobiliado;sim;83.0;3;3;1;13;7.0;6.6;605.71;2664.96;9200.0;893.4037;0.2502887947631883;-0.11595274317141327;alto;1;0;0
IMV-0091;Maceio;Mangabeiras;kitnet;sem_mobilia;nao;29.0;1;1;0;3;10.0;5.3;322.52;1093.1;2030.0;312.1531;0.04235656526761648;-1.221818412903391;medio;0;1;0
IMV-0092;Maceio;Serraria;casa;semi_mobiliado;sim;99.2;5;4;1;0;20.0;9.1;180.0;1796.91;4340.0;1067.77888;0.31266846361185985;0.21580695774818015;alto;0;0;1
IMV-0093;Maceio;Farol;casa;sem_mobilia;nao;131.0;3;3;1;0;3.0;1.9;350.0;2724.26;5390.0;1410.0709;0.4351174432036966;0.8670389632570115;alto;0;1;0
IMV-0094;Maceio;Gruta;studio;semi_mobiliado;sim;44.2;1;1;0;3;28.0;6.7;371.82;994.71;2540.0;475.76438;0.10088563727377745;-0.9105377058677232;medio;0;0;1
IMV-0095;Maceio;Tabuleiro;casa;sem_mobilia;sim;82.95;5;5;1;0;36.0;12.1;0.0;3972.25;5820.0;892.865505;0.2500962649210628;-0.1169766928656095;alto;0;1;0
IMV-0096;Maceio;Ponta Verde;apartamento;sem_mobilia;sim;65.5;3;2;1;7;30.0;3.4;488.05;2179.97;4460.0;705.03545;0.18290335001925298;-0.4743351361401098;alto;0;1;0
IMV-0097;Maceio;Gruta;apartamento;mobiliado;nao;66.9;3;3;1;4;22.0;5.6;515.06;1316.84;3800.0;720.10491;0.18829418559876784;-0.44566454470261396;medio;1;0;0
IMV-0098;Maceio;Ponta Verde;kitnet;mobiliado;sim;28.5;1;1;0;15;6.0;4.6;241.64;1532.14;3100.0;306.77115;0.04043126684636119;-1.232057909845354;medio;1;0;0
IMV-0099;Maceio;Farol;kitnet;sem_mobilia;nao;18.0;1;1;0;11;0.0;2.4;231.54;752.2;1470.0;193.7502;0.0;-1.4470873456265718;baixo;0;1;0
IMV-0100;Maceio;Serraria;apartamento;sem_mobilia;nao;75.7;4;3;0;5;36.0;7.9;558.09;1484.12;2050.0;814.82723;0.222179437812861;-0.26544939852406946;medio;0;1;0
IMV-0101;Maceio;Ponta Verde;apartamento;sem_mobilia;nao;41.6;2;2;1;16;4.0;3.2;646.67;1797.59;3820.0;447.77824;0.09087408548324992;-0.9637830899659297;medio;0;1;0
IMV-0102;Maceio;Tabuleiro;studio;mobiliado;sim;41.9;1;1;1;17;7.0;9.6;427.4;1238.73;3170.0;451.00741;0.09202926453600307;-0.957639391800752;medio;1;0;0
IMV-0103;Maceio;Ponta Verde;apartamento;mobiliado;nao;67.6;2;2;2;11;36.0;4.1;503.2;2152.52;4460.0;727.6396399999999;0.19098960338852522;-0.4313292489838663;alto;1;0;0
IMV-0105;Maceio;Cruz das Almas;studio;semi_mobiliado;sim;29.3;1;1;1;10;8.0;7.4;372.82;1068.62;3160.0;315.38227;0.04351174432036966;-1.2156747147382136;medio;0;0;1
IMV-0106;Maceio;Cruz das Almas;apartamento;semi_mobiliado;sim;77.4;4;4;1;7;31.0;6.4;439.92;2183.76;4540.0;833.12586;0.22872545244512904;-0.23063510892139605;alto;0;0;1
IMV-0107;Maceio;Tabuleiro;apartamento;semi_mobiliado;sim;78.4;3;3;1;10;25.0;10.1;661.35;1457.51;3750.0;843.88976;0.2325760492876396;-0.21015611503747053;medio;0;0;1
IMV-0108;Maceio;Serraria;casa;sem_mobilia;sim;119.7;5;4;1;0;18.0;8.0;0.0;2104.45;4010.0;1288.43883;0.39160569888332697;0.6356263323686532;alto;0;1;0
IMV-0109;Maceio;Mangabeiras;casa;semi_mobiliado;sim;161.4;5;3;1;0;26.0;4.0;0.0;2000.94;6570.0;1737.29346;0.5521755872160186;1.4896003773283473;alto;0;0;1
IMV-0110;Maceio;Mangabeiras;casa;sem_mobilia;sim;89.3;4;3;1;0;6.0;4.5;180.0;2527.28;4840.0;961.2162699999999;0.274547554871005;0.013064918297317417;alto;0;1;0
IMV-0111;Maceio;Gruta;casa;sem_mobilia;nao;134.2;3;3;1;0;4.0;5.4;260.0;2845.43;4710.0;1444.5153799999998;0.44743935309973043;0.9325717436855729;alto;0;1;0
IMV-0112;Maceio;Serraria;studio;sem_mobilia;sim;35.2;1;1;1;7;22.0;9.4;356.57;811.93;2460.0;378.88928000000004;0.06623026569118215;-1.0948486508230528;medio;0;1;0
IMV-0113;Maceio;Gruta;apartamento;sem_mobilia;sim;59.1;3;3;1;12;13.0;8.2;624.83;1068.0;3040.0;636.14649;0.15825953022718522;-0.6054006969972331;medio;0;1;0
IMV-0114;Maceio;Jatiuca;casa;semi_mobiliado;sim;182.5;6;5;2;0;4.0;5.2;0.0;3885.23;8640.0;1964.41175;0.633423180592992;1.9217071482791757;alto;0;0;1
IMV-0115;Maceio;Farol;kitnet;sem_mobilia;sim;25.8;1;2;0;3;20.0;2.3;333.3;988.71;2010.0;277.70862;0.0300346553715826;-1.2873511933319528;medio;0;1;0
IMV-0116;Maceio;Tabuleiro;casa;sem_mobilia;sim;105.8;4;4;1;0;12.0;9.9;0.0;2041.46;3700.0;1138.82062;0.33808240277242974;0.35096831738208845;medio;0;1;0
IMV-0117;Maceio;Serraria;apartamento;semi_mobiliado;nao;97.9;3;3;1;9;7.0;8.3;690.57;1933.15;4910.0;1053.78581;0.3076626877165961;0.18918426569907704;alto;0;0;1
IMV-0118;Maceio;Ponta Verde;casa;sem_mobilia;sim;113.5;4;4;1;0;14.0;2.7;260.0;3221.25;6000.0;1221.70265;0.3677319984597613;0.508656570288315;alto;0;1;0
IMV-0119;Maceio;Ponta Verde;kitnet;sem_mobilia;nao;82.95;1;2;0;3;7.0;5.6;283.67;1151.24;3370.0;892.865505;0.2500962649210628;-0.1169766928656095;medio;0;1;0
IMV-0120;Maceio;Jatiuca;apartamento;mobiliado;nao;57.3;3;3;0;1;35.0;3.6;489.0;1872.95;5020.0;616.7714699999999;0.15132845591066615;-0.6422628859882991;alto;1;0;0
IMV-0121;Maceio;Serraria;kitnet;sem_mobilia;nao;30.9;1;1;0;11;28.0;7.5;238.44;417.11;650.0;332.60450999999995;0.0496726992683866;-1.1829083245239327;baixo;0;1;0
IMV-0122;Maceio;Gruta;casa;sem_mobilia;sim;152.6;5;4;2;0;40.0;4.8;180.0;2963.6;5340.0;1642.5711399999998;0.5182903350019253;1.3093852311498024;alto;0;1;0
IMV-0123;Maceio;Tabuleiro;studio;sem_mobilia;nao;29.0;1;1;1;15;20.0;8.6;336.95;1039.81;900.0;312.1531;0.04235656526761648;-1.221818412903391;baixo;0;1;0
IMV-0124;Maceio;Farol;apartamento;sem_mobilia;sim;49.9;1;1;0;2;21.0;2.7;400.33;1094.63;1910.0;537.11861;0.1228340392760878;-0.7938074407293478;baixo;0;1;0
IMV-0125;Maceio;Ponta Verde;casa;sem_mobilia;nao;142.7;5;4;1;0;3.0;3.7;0.0;3513.46;6650.0;1536.0085299999998;0.48016942626107045;1.1066431916989399;alto;0;1;0
IMV-0126;Maceio;Serraria;casa;sem_mobilia;sim;150.8;6;4;2;0;14.0;9.5;0.0;2912.08;5410.0;1623.19612;0.5113592606854063;1.272523042158737;alto;0;1;0
IMV-0127;Maceio;Gruta;apartamento;sem_mobilia;nao;63.8;3;3;0;16;1.0;5.1;427.4;2029.66;3600.0;686.73682;0.17635733538698498;-0.5091494257427832;medio;0;1;0
IMV-0128;Maceio;Tabuleiro;casa;sem_mobilia;sim;145.4;5;4;1;0;29.0;8.5;260.0;2885.89;4630.0;1565.07106;0.4905660377358491;1.161936475185539;alto;0;1;0
IMV-0129;Maceio;Farol;apartamento;semi_mobiliado;sim;102.2;4;4;1;17;11.0;1.9;623.19;1949.89;5460.0;1100.07058;0.32422025413939165;0.2772439393999567;alto;0;0;1
IMV-0130;Maceio;Cruz das Almas;casa;sem_mobilia;sim;95.9;5;4;1;0;16.0;7.9;260.0;2255.74;5040.0;1032.25801;0.2999614940315749;0.148226277931226;alto;0;1;0
IMV-0131;Maceio;Mangabeiras;apartamento;sem_mobilia;sim;94.1;4;3;1;9;38.0;6.5;673.59;2190.48;3990.0;1012.88299;0.29303041971505583;0.11136408894015984;medio;0;1;0
IMV-0132;Maceio;Serraria;apartamento;mobiliado;sim;56.2;4;3;2;1;39.0;8.7;413.92;1345.05;3850.0;604.93118;0.14709279938390452;-0.664789779260617;medio;1;0;0
IMV-0133;Maceio;Cruz das Almas;apartamento;sem_mobilia;nao;83.6;2;2;2;9;31.0;8.5;507.94;2167.94;4590.0;899.8620399999999;0.2525991528686946;-0.10366534684105808;alto;0;1;0
IMV-0134;Maceio;Jatiuca;apartamento;mobiliado;nao;72.3;3;2;2;1;27.0;3.8;545.18;2190.72;5110.0;778.22997;0.209087408548325;-0.33507797772941633;alto;1;0;0
IMV-0135;Maceio;Gruta;apartamento;sem_mobilia;sim;83.9;3;3;0;6;32.0;4.5;715.4;1664.74;2950.0;903.09121;0.25375433192144786;-0.0975216486758802;medio;0;1;0
IMV-0136;Maceio;Gruta;apartamento;mobiliado;nao;108.9;4;3;1;16;31.0;5.3;780.59;2440.32;4660.0;1172.1887100000001;0.3500192529842126;0.4144531984222577;alto;1;0;0
IMV-0137;Maceio;Ponta Verde;apartamento;sem_mobilia;sim;53.2;2;2;1;8;12.0;2.8;508.57;1481.52;4230.0;572.63948;0.13554100885637274;-0.7262267609123936;alto;0;1;0
IMV-0138;Maceio;Gruta;apartamento;mobiliado;nao;40.7;1;1;1;12;11.0;6.7;523.39;1128.18;3430.0;438.09073;0.08740854832499038;-0.9822141844614626;medio;1;0;0
IMV-0139;Maceio;Cruz das Almas;apartamento;sem_mobilia;nao;84.6;4;4;2;7;30.0;6.2;673.66;2133.83;3720.0;910.6259399999999;0.2564497497112052;-0.08318635295713257;medio;0;1;0
IMV-0140;Maceio;Ponta Verde;casa;semi_mobiliado;sim;82.95;5;4;3;0;34.0;3.9;180.0;4517.83;8270.0;892.865505;0.2500962649210628;-0.1169766928656095;alto;0;0;1
IMV-0141;Maceio;Farol;studio;mobiliado;nao;34.4;1;1;1;15;12.0;2.8;479.93;891.64;3400.0;370.27815999999996;0.06314978821717365;-1.1112318459301933;medio;1;0;0
IMV-0142;Maceio;Tabuleiro;casa;semi_mobiliado;sim;67.1;3;2;1;0;26.0;10.4;260.0;1490.85;3200.0;722.2576899999999;0.18906430496726992;-0.4415687459258291;medio;0;0;1
IMV-0143;Maceio;Mangabeiras;apartamento;sem_mobilia;sim;22.5;1;1;0;1;34.0;6.2;292.21;1421.13;2060.0;242.18775;0.01732768579129765;-1.354931873148907;medio;0;1;0
IMV-0144;Maceio;Gruta;apartamento;sem_mobilia;sim;89.2;3;2;0;10;0.0;6.7;621.92;1887.38;4240.0;960.13988;0.27416249518675395;0.011017018908924982;alto;0;1;0
IMV-0145;Maceio;Tabuleiro;apartamento;mobiliado;sim;104.3;5;4;1;16;23.0;9.4;783.22;2230.12;4320.0;1122.6747699999999;0.33230650750866386;0.32024982655620016;alto;1;0;0
IMV-0146;Maceio;Cruz das Almas;cobertura;semi_mobiliado;nao;111.9;4;3;1;13;22.0;8.1;1190.26;2166.55;6720.0;1204.4804100000001;0.36157104351174435;0.4758901800740343;alto;0;0;1
IMV-0147;Maceio;Ponta Verde;apartamento;mobiliado;nao;52.2;1;1;0;14;19.0;3.8;727.71;1592.73;4750.0;561.87558;0.13169041201386217;-0.7467057547963191;alto;1;0;0
IMV-0148;Maceio;Ponta Verde;apartamento;mobiliado;sim;75.3;3;2;1;17;17.0;4.0;627.22;2126.6;5550.0;810.52167;0.22063919907585675;-0.2736409960776398;alto;1;0;0
IMV-0149;Maceio;Serraria;apartamento;sem_mobilia;sim;68.4;3;3;0;11;18.0;8.6;427.4;1420.87;2590.0;736.25076;0.19407008086253372;-0.4149460538767257;medio;0;1;0
IMV-0150;Maceio;Farol;kitnet;sem_mobilia;sim;30.8;1;1;0;16;32.0;2.9;315.64;1351.06;1670.0;331.52812;0.04928763958413555;-1.1849562239123252;baixo;0;1;0
IMV-0151;Maceio;Cruz das Almas;studio;mobiliado;sim;44.8;1;1;1;12;22.0;7.9;483.16;1838.0;3400.0;482.2227199999999;0.10319599537928378;-0.8982503095373681;medio;1;0;0
IMV-0152;Maceio;Jatiuca;casa;sem_mobilia;sim;186.1;6;5;2;0;28.0;4.7;0.0;4322.16;7820.0;2003.1617899999999;0.64728532922603;1.9954315262613074;alto;0;1;0
IMV-0153;Maceio;Gruta;apartamento;mobiliado;sim;57.0;2;2;1;7;30.0;5.9;510.57;1895.93;3300.0;613.5423;0.15017327685791299;-0.6484065841534767;medio;1;0;0
IMV-0154;Maceio;Jatiuca;studio;semi_mobiliado;sim;34.9;1;1;1;5;25.0;3.7;288.43;1820.68;3830.0;375.66011;0.06507508663842895;-1.1009923489882307;medio;0;0;1
IMV-0155;Maceio;Mangabeiras;apartamento;semi_mobiliado;nao;99.3;3;3;1;1;7.0;4.6;825.97;2027.43;5360.0;1068.85527;0.3130535232961109;0.21785485713657257;alto;0;0;1
IMV-0156;Maceio;Farol;apartamento;semi_mobiliado;nao;69.8;3;3;2;12;37.0;3.8;476.68;2007.68;3950.0;751.32022;0.19946091644204852;-0.38627546243923017;medio;0;0;1
IMV-0157;Maceio;Mangabeiras;studio;mobiliado;sim;37.0;1;1;1;8;15.0;4.2;291.36;2000.94;3210.0;398.2643;0.07316134000770119;-1.057986461831987;medio;1;0;0
IMV-0158;Maceio;Tabuleiro;casa;sem_mobilia;nao;127.5;3;3;0;0;2.0;10.6;0.0;2272.27;3990.0;1372.39725;0.42164035425490953;0.7953624846632722;medio;0;1;0
IMV-0159;Maceio;Gruta;apartamento;sem_mobilia;nao;110.4;4;4;1;11;2.0;6.7;653.66;2310.4;5490.0;1188.33456;0.3557951482479785;0.445171689248146;alto;0;1;0
IMV-0160;Maceio;Jatiuca;cobertura;sem_mobilia;sim;277.7;6;6;2;14;15.0;3.9;1843.16;5583.68;11230.0;2989.13503;1.0;3.871307366028885;alto;0;1;0
IMV-0161;Maceio;Mangabeiras;apartamento;semi_mobiliado;nao;62.1;3;3;2;3;8.0;3.6;435.48;1426.7;4840.0;668.43819;0.169811320754717;-0.5439637153454565;alto;0;0;1
IMV-0162;Maceio;Tabuleiro;apartamento;sem_mobilia;sim;113.5;4;3;0;5;18.0;9.2;728.51;1951.3;3320.0;1221.70265;0.3677319984597613;0.508656570288315;medio;0;1;0
IMV-0163;Maceio;Ponta Verde;apartamento;mobiliado;sim;46.5;2;2;1;14;30.0;3.1;506.92;1434.83;4570.0;500.52135;0.1097420100115518;-0.8634360199346947;alto;1;0;0
IMV-0164;Maceio;Farol;apartamento;sem_mobilia;nao;70.1;3;2;1;3;1.0;3.4;615.86;1756.26;4210.0;754.5493899999999;0.2006160954948017;-0.38013176427405254;alto;0;1;0
IMV-0165;Maceio;Gruta;apartamento;mobiliado;sim;81.0;3;2;1;10;13.0;6.0;669.88;1785.73;4240.0;871.8759;0.24258760107816713;-0.1569107309392643;alto;1;0;0
IMV-0166;Maceio;Gruta;casa;sem_mobilia;nao;120.4;4;4;1;0;33.0;5.9;0.0;2269.89;4380.0;1295.97356;0.3943011166730844;0.6499616280874011;alto;0;1;0
IMV-0167;Maceio;Serraria;apartamento;mobiliado;sim;58.5;4;3;0;15;40.0;6.7;657.57;965.87;3500.0;629.68815;0.15594917212167886;-0.6176880933275884;medio;1;0;0
IMV-0168;Maceio;Farol;apartamento;semi_mobiliado;sim;50.8;3;2;1;7;35.0;1.9;427.4;1311.06;2750.0;546.80612;0.1262995764343473;-0.7753763462338149;medio;0;0;1
IMV-0169;Maceio;Cruz das Almas;kitnet;mobiliado;nao;18.0;1;2;1;17;25.0;7.7;250.11;785.1;2420.0;193.7502;0.0;-1.4470873456265718;medio;1;0;0
IMV-0170;Maceio;Gruta;casa;semi_mobiliado;sim;178.9;5;4;2;0;16.0;4.7;260.0;3114.39;7010.0;1925.66171;0.6195610319599538;1.8479827702970437;alto;0;0;1
IMV-0171;Maceio;Tabuleiro;apartamento;sem_mobilia;sim;118.5;4;3;2;11;20.0;10.3;843.01;2303.81;6740.0;1275.52215;0.38698498267231424;0.6110515397079426;alto;0;1;0
IMV-0172;Maceio;Farol;casa;mobiliado;sim;111.9;5;4;1;0;14.0;2.8;0.0;1903.17;5310.0;1204.4804100000001;0.36157104351174435;0.4758901800740343;alto;1;0;0
IMV-0173;Maceio;Cruz das Almas;apartamento;mobiliado;nao;108.5;4;4;2;4;40.0;7.8;896.0;2235.95;5660.0;1167.88315;0.34847901424720834;0.4062616008686874;alto;1;0;0
IMV-0174;Maceio;Gruta;apartamento;semi_mobiliado;sim;108.9;4;3;1;2;34.0;4.6;737.41;2250.85;4820.0;1172.1887100000001;0.3500192529842126;0.4144531984222577;alto;0;0;1
IMV-0175;Maceio;Ponta Verde;apartamento;mobiliado;sim;108.1;5;4;1;9;29.0;3.5;783.41;2597.12;7190.0;1163.5775899999999;0.3469387755102041;0.39807000331511705;alto;1;0;0
IMV-0176;Maceio;Mangabeiras;apartamento;semi_mobiliado;sim;29.3;2;1;0;10;5.0;5.3;496.03;1063.08;2680.0;315.38227;0.04351174432036966;-1.2156747147382136;medio;0;0;1
IMV-0177;Maceio;Cruz das Almas;apartamento;semi_mobiliado;sim;82.95;3;3;1;12;27.0;7.1;503.04;2115.52;3730.0;892.865505;0.2500962649210628;-0.1169766928656095;medio;0;0;1
IMV-0178;Maceio;Tabuleiro;apartamento;mobiliado;nao;121.7;5;4;1;11;9.0;8.9;702.93;2383.56;5890.0;1309.96663;0.3993068925683481;0.6765843201365043;alto;1;0;0
IMV-0179;Maceio;Jatiuca;casa;mobiliado;sim;121.5;4;3;1;0;29.0;4.9;0.0;2701.68;6430.0;1307.81385;0.398536773199846;0.672488521359719;alto;1;0;0
IMV-0180;Maceio;Serraria;apartamento;sem_mobilia;sim;91.3;3;2;1;8;40.0;9.2;495.65;1771.02;3770.0;982.74407;0.28224874855602616;0.05402290606516845;medio;0;1;0
IMV-0181;Maceio;Ponta Verde;apartamento;sem_mobilia;sim;72.8;3;3;1;11;6.0;5.4;465.76;2097.03;4960.0;783.6119199999999;0.21101270696958027;-0.3248384807874536;alto;0;1;0
IMV-0182;Maceio;Ponta Verde;apartamento;semi_mobiliado;sim;98.5;4;4;0;8;6.0;4.3;793.66;2000.94;6090.0;1060.24415;0.30997304582210244;0.20147166202943223;alto;0;0;1
IMV-0183;Maceio;Tabuleiro;apartamento;mobiliado;sim;38.1;2;1;1;7;24.0;11.4;441.67;535.65;1880.0;410.10459;0.07739699653446284;-1.0354595685596688;baixo;1;0;0
IMV-0184;Maceio;Mangabeiras;casa;sem_mobilia;sim;49.5;2;2;0;0;21.0;5.8;0.0;1483.73;2690.0;532.81305;0.12129380053908356;-0.8019990382829181;medio;0;1;0
IMV-0185;Maceio;Jatiuca;apartamento;sem_mobilia;nao;72.9;3;3;0;13;12.0;5.6;536.9;2598.34;4400.0;784.68831;0.21139776665383136;-0.32279058139906086;alto;0;1;0
IMV-0186;Maceio;Ponta Verde;studio;sem_mobilia;sim;46.6;1;2;0;4;16.0;2.5;531.89;1698.52;3830.0;501.59774;0.11012706969580285;-0.861388120546302;medio;0;1;0
IMV-0187;Maceio;Serraria;apartamento;semi_mobiliado;sim;73.1;3;2;0;16;34.0;7.3;625.49;1644.86;2700.0;786.8410899999999;0.21216788602233344;-0.318694782622276;medio;0;0;1
IMV-0188;Maceio;Gruta;apartamento;semi_mobiliado;sim;43.3;2;2;0;9;9.0;6.6;387.17;1141.96;2770.0;466.07686999999993;0.0974201001155179;-0.9289688003632564;medio;0;0;1
IMV-0189;Maceio;Gruta;apartamento;sem_mobilia;nao;94.5;3;3;1;13;22.0;5.1;550.9;1913.3;3880.0;1017.18855;0.2945706584520601;0.11955568649373016;medio;0;1;0
IMV-0190;Maceio;Tabuleiro;casa;sem_mobilia;sim;142.4;4;4;3;0;29.0;9.3;0.0;2898.76;4720.0;1532.77936;0.4790142472083173;1.1004994935337624;alto;0;1;0
IMV-0191;Maceio;Gruta;cobertura;mobiliado;sim;140.0;4;4;1;20;36.0;5.9;427.4;2512.48;7650.0;1506.946;0.4697728147862919;1.0513499082123412;alto;1;0;0
IMV-0192;Maceio;Farol;apartamento;semi_mobiliado;sim;87.3;2;2;1;2;33.0;1.7;712.78;1353.39;4060.0;939.6884699999999;0.2668463611859838;-0.027893069470533615;alto;0;0;1
IMV-0193;Maceio;Cruz das Almas;apartamento;mobiliado;sim;117.6;4;4;2;10;27.0;8.2;638.91;2711.52;6440.0;1265.8346399999998;0.38351944551405465;0.5926204452124094;alto;1;0;0
IMV-0194;Maceio;Jatiuca;studio;semi_mobiliado;sim;26.1;1;1;0;13;27.0;5.3;382.6;1500.95;3330.0;280.93779;0.031189834424335778;-1.2812074951667751;medio;0;0;1
IMV-0195;Maceio;Cruz das Almas;casa;sem_mobilia;sim;47.2;1;2;0;0;8.0;8.8;0.0;1507.94;2490.0;508.05608;0.11243742780130922;-0.8491007242159467;medio;0;1;0
IMV-0196;Maceio;Tabuleiro;apartamento;sem_mobilia;sim;49.7;1;1;1;5;4.0;10.6;379.35;831.9;1620.0;534.96583;0.1220639199075857;-0.797903239506133;baixo;0;1;0
IMV-0197;Maceio;Ponta Verde;casa;sem_mobilia;sim;96.5;3;3;1;0;14.0;4.4;0.0;2763.4;5140.0;1038.71635;0.30227185213708124;0.1605136742615812;alto;0;1;0
IMV-0198;Maceio;Jatiuca;apartamento;sem_mobilia;sim;85.8;2;2;0;5;34.0;4.6;652.74;2555.6;4590.0;923.5426199999999;0.26107046592221794;-0.05861156029642189;alto;0;1;0
IMV-0200;Maceio;Cruz das Almas;studio;mobiliado;sim;29.4;1;1;1;14;7.0;8.4;382.25;747.48;3710.0;316.45865999999995;0.04389680400462071;-1.2136268153498209;medio;1;0;0
IMV-0201;Maceio;Mangabeiras;apartamento;sem_mobilia;nao;47.6;2;2;1;14;19.0;5.5;511.87;1383.11;2850.0;512.36164;0.11397766653831345;-0.8409091266623765;medio;0;1;0
IMV-0202;Maceio;Farol;apartamento;sem_mobilia;sim;82.95;1;1;0;10;29.0;3.0;437.77;1125.16;1940.0;892.865505;0.2500962649210628;-0.1169766928656095;baixo;0;1;0
IMV-0203;Maceio;Farol;apartamento;mobiliado;nao;112.0;4;4;2;9;15.0;3.6;816.21;2810.23;5980.0;1205.5567999999998;0.3619561031959954;0.47793807946242667;alto;1;0;0
IMV-0204;Maceio;Tabuleiro;apartamento;mobiliado;sim;124.4;5;4;1;14;2.0;8.9;637.21;2452.28;4690.0;1339.02916;0.4097035040431267;0.7318776036231032;alto;1;0;0
IMV-0205;Maceio;Mangabeiras;casa;sem_mobilia;sim;124.1;4;3;1;0;8.0;7.2;0.0;2993.49;5290.0;1335.79999;0.4085483249903735;0.7257339054579253;alto;0;1;0
IMV-0206;Maceio;Serraria;apartamento;sem_mobilia;nao;97.9;3;3;1;4;28.0;8.3;700.54;1797.01;3900.0;1053.78581;0.3076626877165961;0.18918426569907704;medio;0;1;0
IMV-0207;Maceio;Jatiuca;apartamento;sem_mobilia;sim;81.5;3;3;1;8;40.0;3.0;762.54;2242.37;4200.0;877.25785;0.24451289949942243;-0.14667123399730156;alto;0;1;0
IMV-0208;Maceio;Tabuleiro;studio;mobiliado;sim;37.0;1;1;1;5;34.0;11.1;247.37;740.81;2570.0;398.2643;0.07316134000770119;-1.057986461831987;medio;1;0;0
IMV-0209;Maceio;Mangabeiras;apartamento;sem_mobilia;nao;40.9;2;1;2;14;15.0;3.3;415.17;1691.74;2740.0;440.24350999999996;0.08817866769349249;-0.9781183856846776;medio;0;1;0
IMV-0210;Maceio;Tabuleiro;cobertura;mobiliado;sim;147.7;5;4;1;16;29.0;11.4;1360.46;2588.99;6950.0;1589.82803;0.4994224104736234;1.2090381611185674;alto;1;0;0
IMV-0211;Maceio;Jatiuca;casa;sem_mobilia;nao;108.5;4;3;2;0;40.0;4.8;0.0;2506.33;5360.0;1167.88315;0.34847901424720834;0.4062616008686874;alto;0;1;0
IMV-0212;Maceio;Gruta;casa;mobiliado;sim;185.3;5;4;3;0;29.0;5.6;0.0;3037.09;7530.0;1994.55067;0.6442048517520217;1.9790483311541673;alto;1;0;0
IMV-0213;Maceio;Farol;kitnet;mobiliado;nao;29.2;1;2;0;13;22.0;2.2;285.66;1148.54;1820.0;314.30588;0.0431266846361186;-1.217722614126606;baixo;1;0;0
IMV-0214;Maceio;Mangabeiras;casa;sem_mobilia;nao;95.0;4;3;1;0;2.0;7.8;427.4;2134.53;4830.0;1022.5704999999999;0.29649595687331537;0.1297951834356929;alto;0;1;0
IMV-0215;Maceio;Ponta Verde;casa;sem_mobilia;sim;188.2;5;4;1;0;26.0;3.7;350.0;4058.92;7040.0;2025.76598;0.6553715825953023;2.038437413417551;alto;0;1;0
IMV-0216;Maceio;Jatiuca;casa;sem_mobilia;sim;89.0;2;2;0;0;18.0;3.7;0.0;2937.71;4640.0;957.9870999999999;0.2733923758182518;0.00692122013213982;alto;0;1;0
IMV-0217;Maceio;Ponta Verde;studio;mobiliado;sim;36.6;1;2;0;3;26.0;3.4;439.29;1891.1;3540.0;393.95874;0.07162110127069697;-1.0661780593855572;medio;1;0;0
IMV-0218;Maceio;Mangabeiras;apartamento;semi_mobiliado;sim;54.8;3;2;0;1;37.0;4.3;472.28;1914.4;3830.0;589.86172;0.14170196380438968;-0.6934603706981128;medio;0;0;1
IMV-0219;Maceio;Cruz das Almas;apartamento;sem_mobilia;sim;116.8;3;3;1;10;0.0;5.6;622.54;2612.43;4650.0;1257.22352;0.38043896804004623;0.5762372501052692;alto;0;1;0
IMV-0220;Maceio;Jatiuca;casa;sem_mobilia;sim;145.5;3;3;1;0;19.0;3.0;0.0;2932.65;6170.0;1566.14745;0.4909510974201001;1.1639843745739316;alto;0;1;0
IMV-0223;Maceio;Farol;casa;sem_mobilia;sim;98.2;4;3;1;0;30.0;4.8;260.0;2308.38;3980.0;1057.01498;0.30881786676934925;0.19532796386425463;medio;0;1;0
IMV-0224;Maceio;Mangabeiras;studio;sem_mobilia;sim;35.6;1;1;1;7;6.0;5.0;315.77;1255.99;3110.0;383.19484;0.06777050442818637;-1.0866570532694828;medio;0;1;0
IMV-0225;Maceio;Cruz das Almas;casa;sem_mobilia;nao;64.1;3;3;1;0;25.0;6.1;260.0;2000.94;3460.0;689.9659899999999;0.17751251443973814;-0.5030057275776056;medio;0;1;0
IMV-0226;Maceio;Jatiuca;apartamento;sem_mobilia;nao;79.7;3;2;0;5;30.0;3.9;633.1;2061.28;3970.0;857.88283;0.23758182518290338;-0.18353342298836742;medio;0;1;0
IMV-0227;Maceio;Tabuleiro;casa;sem_mobilia;nao;124.1;3;3;1;0;14.0;11.0;260.0;2149.61;4060.0;1335.79999;0.4085483249903735;0.7257339054579253;alto;0;1;0
IMV-0228;Maceio;Gruta;kitnet;sem_mobilia;nao;29.4;1;1;0;9;37.0;5.6;334.83;1055.85;1280.0;316.45865999999995;0.04389680400462071;-1.2136268153498209;baixo;0;1;0
IMV-0229;Maceio;Farol;apartamento;sem_mobilia;sim;68.8;2;2;1;1;1.0;3.6;602.49;1437.79;3830.0;740.5563199999999;0.19561031959953792;-0.40675445632315566;medio;0;1;0
IMV-0230;Maceio;Serraria;apartamento;sem_mobilia;sim;52.2;2;2;1;5;7.0;8.8;329.67;1654.34;1860.0;561.87558;0.13169041201386217;-0.7467057547963191;baixo;0;1;0
IMV-0231;Maceio;Gruta;casa;sem_mobilia;nao;121.9;4;4;2;0;29.0;5.0;0.0;2505.46;4340.0;1312.11941;0.40007701193685025;0.6806801189132894;alto;0;1;0
IMV-0232;Maceio;Jatiuca;casa;sem_mobilia;nao;224.5;4;4;2;0;22.0;2.9;180.0;4810.69;8130.0;2416.49555;0.7951482479784366;2.7818248914040473;alto;0;1;0
IMV-0233;Maceio;Gruta;studio;mobiliado;sim;30.1;1;2;0;1;30.0;4.9;427.4;829.99;2520.0;323.99339;0.046592221794378136;-1.199291519631073;medio;1;0;0
IMV-0234;Maceio;Mangabeiras;apartamento;sem_mobilia;sim;81.1;3;3;1;9;28.0;5.8;643.27;2042.86;4290.0;872.95229;0.24297266076241816;-0.15486283155087188;alto;0;1;0
IMV-0235;Maceio;Jatiuca;casa;sem_mobilia;sim;157.9;5;4;2;0;29.0;3.7;260.0;3361.18;6990.0;1699.61981;0.5386984982672315;1.417923898734608;alto;0;1;0
IMV-0236;Maceio;Tabuleiro;casa;semi_mobiliado;sim;118.9;5;3;1;0;35.0;9.1;0.0;2232.54;4040.0;1279.82771;0.3885252214093185;0.6192431372615128;alto;0;0;1
IMV-0237;Maceio;Mangabeiras;studio;mobiliado;nao;47.3;1;1;0;2;23.0;7.4;451.0;1138.29;3580.0;509.13246999999996;0.11282248748556026;-0.8470528248275543;medio;1;0;0
IMV-0238;Maceio;Gruta;apartamento;mobiliado;nao;114.6;4;3;1;1;27.0;7.1;817.44;2470.24;5010.0;1233.5429399999998;0.3719676549865229;0.531183463560633;alto;1;0;0
IMV-0239;Maceio;Gruta;casa;sem_mobilia;sim;126.3;4;4;2;0;36.0;4.1;0.0;2816.34;4160.0;1359.48057;0.4170196380438968;0.7707876920025615;alto;0;1;0
IMV-0240;Maceio;Cruz das Almas;cobertura;mobiliado;sim;132.4;4;4;2;20;22.0;7.2;1355.97;2000.94;7170.0;1425.14036;0.4405082787832114;0.8957095546945073;alto;1;0;0
IMV-0241;Maceio;Jatiuca;apartamento;mobiliado;nao;74.3;3;2;1;13;10.0;5.8;592.77;1581.76;5930.0;799.7577699999999;0.21678860223334617;-0.2941199899615653;alto;1;0;0
IMV-0242;Maceio;Mangabeiras;apartamento;semi_mobiliado;nao;76.0;2;3;1;16;17.0;5.3;630.52;2197.35;4280.0;818.0563999999999;0.22333461686561418;-0.2593057003588919;alto;0;0;1
IMV-0243;Maceio;Mangabeiras;apartamento;sem_mobilia;nao;90.6;4;3;1;14;2.0;5.5;705.11;2393.29;4000.0;975.2093399999999;0.27955333076626876;0.03968761034642053;medio;0;1;0
IMV-0244;Maceio;Ponta Verde;apartamento;mobiliado;sim;100.8;3;2;1;13;5.0;3.2;554.19;2427.64;5470.0;1085.00112;0.3188294185598768;0.24857334796246086;alto;1;0;0
IMV-0245;Maceio;Serraria;casa;semi_mobiliado;sim;174.6;5;4;2;0;39.0;9.0;0.0;2700.03;6110.0;1879.3769399999999;0.6030034655371582;1.7599230965961639;alto;0;0;1
IMV-0246;Maceio;Jatiuca;studio;sem_mobilia;nao;45.6;1;1;0;5;13.0;4.9;545.89;1264.63;3250.0;490.83384;0.10627647285329227;-0.8818671144302276;medio;0;1;0
IMV-0247;Maceio;Ponta Verde;casa;semi_mobiliado;sim;156.4;5;4;3;0;36.0;2.9;260.0;3355.26;7110.0;1683.47396;0.5329226030034656;1.3872054079087197;alto;0;0;1
